metric,value
mean_val_auc,0.830992092105208
exact_match_accuracy,0.8466666666666667
micro_f1,0.0960573476702509
macro_f1,0.057721331184611056
