label,val_roc_auc
any,0.82124676306091
epidural,0.8348082595870207
intraparenchymal,0.8319736842105262
intraventricular,0.8851200340565277
subarachnoid,0.8113867827179325
subdural,0.8014170289983295
