label,improved_val_roc_auc
any,0.9056129394232213
epidural,0.8392649631587684
intraparenchymal,0.9209654050857481
intraventricular,0.9539742751584996
subarachnoid,0.8728987392884383
subdural,0.8870049947465468
